1000,Frey,Glenn,,9999,Active,2000-01-01,2001-01-01,1,Hourly,M,,,0.00,0.00,0.00,0.00,104 West 2nd street,,Winslow,AZ,USA,,,,1946-03-11,59645,0,1000,,0
1001,Henley,Don,,9999,Active,2000-01-01,2001-01-01,1,Hourly,M,,,0.00,0.00,0.00,0.00,2nd street,,Winslow,NV,USA,,,,1945-03-12,59645,0,1000,,0
1010,Meisner,Randy,,9999,Active,2000-01-01,2001-01-01,1,Hourly,M,,,0.00,0.00,0.00,0.00,2nd street,,Winslow,NV,USA,,,,1945-04-20,59645,0,1000,,0
1012,Leadon,Bernie,,9999,Active,2000-01-01,2001-01-01,1,Hourly,M,,,0.00,0.00,0.00,0.00,2nd street,,Winslow,NV,USA,,,,1945-09-17,59645,0,1000,,0
1013,Felder,Don,,9999,Active,2000-01-01,2001-01-01,1,Hourly,M,,,0.00,0.00,0.00,0.00,2nd street,,Winslow,NV,USA,,,,1945-12-10,59645,0,1000,,0
1030,Walsh,Joe,,9999,Active,2000-01-01,2001-01-01,1,Hourly,M,,,0.00,0.00,0.00,0.00,2nd street,,Winslow,NV,USA,,,,1945-11-18,59645,0,1000,,0
1040,Schmidt,Timothy,B,9999,Active,2000-01-01,2001-01-01,1,Hourly,M,,,0.00,0.00,0.00,0.00,2nd street,,Winslow,NV,USA,,,,1945-02-10,59645,0,1000,,0
