AcctBalSumYTD,,com.blueseer.fgl.GLAcctBalYTD,JMenuItem,
BrowseUtil,,com.blueseer.utl.Browse,JMenuItem,
Address,,,JMenu,
Admin,,,JMenu,
ApprovedReqBrowse,,com.blueseer.utl.ReportPanel,JMenuItem,
ReqFreqByUserChart,,com.blueseer.utl.ChartView,JMenuItem,
ReqAmtByAcctChart,,com.blueseer.utl.ChartView,JMenuItem,
ClockDetailRpt,,com.blueseer.tca.ClockDetailRptPanel,JMenuItem,
CustPriceMstr,,com.blueseer.ctr.CustPriceMstr,JMenuItem,cprm
CustXrefMaint,,com.blueseer.ctr.CustXrefMaintPanel,JMenuItem,cupm
EmpBrowse,,com.blueseer.utl.ReportPanel,JMenuItem,empb
EmployeeMaster,,com.blueseer.hrm.EmployeeMaster,JMenuItem,empm
Engineering,,,JMenu,
Finance,,,JMenu,
GLAcctBalSummaryByPeriod,,com.blueseer.fgl.GLAcctBalRpt2,JMenuItem,acba
GLAcctBalSummaryByYear,,com.blueseer.fgl.GLAcctBalRpt3,JMenuItem,acby
GLCalMaint,,com.blueseer.fgl.GLCalMaint,JMenuItem,calm
GLTranMaint,,com.blueseer.fgl.GLTranMaint,JMenuItem,gltr
GenericCodeMaint,,com.blueseer.adm.GenCodeMaintPanel,JMenuItem,genm
HR,,,JMenu,
Inventory,,,JMenu,
ItemLevelCalculate,,com.blueseer.inv.ItemLevelMaint,JMenuItem,mrpx
ItemMastSearchMenu,,com.blueseer.inv.ItemMastSearch,JMenuItem,
LedgerBalanceExport,,com.blueseer.fgl.LedgerBalanceExport,JMenuItem,
MenuAbout,,com.blueseer.adm.AboutPanel,JMenuItem,about
MenuAcctBrowse,,com.blueseer.utl.ReportPanel,JMenuItem,accb
MenuAcctMstr,,com.blueseer.fgl.LedgerAcctMstrPanel,JMenuItem,accm
MenuAllReqBrowse,,com.blueseer.utl.ReportPanel,JMenuItem,
MenuBOMMaint,,com.blueseer.inv.BOMMaintPanel,JMenuItem,bomm
MenuBOMTree,,com.blueseer.inv.BOMTree,JMenuItem,tree
MenuCarrierMaint,,com.blueseer.ctr.CarrierMaintPanel,JMenuItem,carm
MenuCostRoll,,com.blueseer.inv.CostRollUpPanel,JMenuItem,roll
MenuCustMstr,,com.blueseer.ctr.CustMaintPanel,JMenuItem,cusm
MenuCustXrefRptA,,com.blueseer.ctr.CustXrefRpt1,JMenuItem,
MenuDefaultMstr,,com.blueseer.adm.DefaultMstrPanel,JMenuItem,
MenuDeptBrowse,,com.blueseer.utl.ReportPanel,JMenuItem,depb
MenuDeptMaint,,com.blueseer.fgl.DeptMaintPanel,JMenuItem,depm
MenuEDILoad,,com.blueseer.edi.EDILoadPanel,JMenuItem,edig
MenuEDILog,,com.blueseer.edi.EDILogBrowse,JMenuItem,edil
MenuEDITPBrowse,,com.blueseer.edi.EDITPBrowse,JMenuItem,
MenuFileOrderLoad,,com.blueseer.adm.FileOrderLoadPanel,JMenuItem,
MenuFreightMaint,,com.blueseer.ctr.FreightMaintPanel,JMenuItem,
MenuGenCodeBrowse,,com.blueseer.utl.ReportPanel,JMenuItem,genb
MenuInventoryAdjustment,,com.blueseer.inv.InventoryMiscPanel,JMenuItem,inva
MenuItemMastMaint,,com.blueseer.inv.ItemMastMaintPanel,JMenuItem,item
MenuItemRoutingRpt,,com.blueseer.inv.ItemMastRoutingRpt1,JMenuItem,
MenuLocationBrowse,,com.blueseer.utl.ReportPanel,JMenuItem,locb
MenuLocationMaint,,com.blueseer.inv.LocationMaintPanel,JMenuItem,locm
UOMMaint,,com.blueseer.inv.UOMMaint,JMenuItem,uomm
CurrencyMaint,,com.blueseer.fgl.CurrencyMaint,JMenuItem,curm
ExchangeMaint,,com.blueseer.fgl.ExchangeMaint,JMenuItem,excm
OrderControl,,com.blueseer.ord.OrderControl,JMenuItem,ordc
VendControl,,com.blueseer.vdr.VendControl,JMenuItem,venc
CustControl,,com.blueseer.ctr.CustControl,JMenuItem,cusc
OrderSource,,com.blueseer.ord.OrderSource,JMenuItem,orsc
OrderSourceBrowse,,com.blueseer.ord.OrderSourceBrowse,JMenuItem,orsb
DOMaint,,com.blueseer.dst.DOMaint,JMenuItem,domm
DOBrowse,,com.blueseer.dst.DOBrowse,JMenuItem,domb
FOMaint,,com.blueseer.frt.FOMaint,JMenuItem,form
FOBrowse,,com.blueseer.frt.FOBrowse,JMenuItem,forb
WareHouseMaint,,com.blueseer.dst.WareHouseMaint,JMenuItem,wahm
WareHouseBrowse,,com.blueseer.utl.ReportPanel,JMenuItem,wahb
MenuLocationTransfer,,com.blueseer.inv.LocationTransferPanel,JMenuItem,loaj
MenuMRPBrowse,,com.blueseer.sch.MRPBrowse1,JMenuItem,mrpb
MenuOrderBrowse,,com.blueseer.ord.OrderReport1,JMenuItem,ordb
MenuOrderMaint,,com.blueseer.ord.OrderMaintPanel,JMenuItem,ordm
MenuPaymentMaint,,com.blueseer.fap.PaymentMaintPanel,JMenuItem,appm
MenuPendReqRpt1,,com.blueseer.utl.ReportPanel,JMenuItem,
MenuPostGLTrans,,com.blueseer.fgl.PostGLPanel,JMenuItem,post
MenuProdCodeBrowse,,com.blueseer.utl.ReportPanel,JMenuItem,prcb
MenuProdCodeMaint,,com.blueseer.inv.ProdCodeMaintPanel,JMenuItem,prcm
MenuProdSchedMaint,,com.blueseer.prd.ProdSchedPanel,JMenuItem,schm
MenuQPRBrowse,,com.blueseer.utl.ReportPanel,JMenuItem,qprb
MenuQPRMaint,,com.blueseer.inv.QPRMaintPanel,JMenuItem,qprm
MenuReqMaint,,com.blueseer.pur.ReqMaintPanel,JMenuItem,
MenuRoutingBrowse,,com.blueseer.utl.ReportPanel,JMenuItem,roub
MenuRoutingMaint,,com.blueseer.inv.RoutingMaintPanel,JMenuItem,roum
MenuSchedOrdBrowse,,com.blueseer.ord.OrderReportSched,JMenuItem,
MenuScrapEntry,,com.blueseer.prd.ScrapMaintPanel,JMenuItem,
MenuScrapRpt1,,com.blueseer.prd.ScrapReportPanel,JMenuItem,
MenuShipConfirm,,com.blueseer.shp.ShipConfirmPanel,JMenuItem,
MenuShipMaint,,com.blueseer.shp.ShipMaintPanel,JMenuItem,shpm
MenuSiteMstr,,com.blueseer.adm.SiteMstrPanel,JMenuItem,site
MenuTermsMaint,,com.blueseer.ctr.TermsMaintPanel,JMenuItem,term
MenuTrainingRpt1,,com.blueseer.hrm.TrainingReport1,JMenuItem,
MenuUnPostedTransRpt,,com.blueseer.utl.ReportPanel,JMenuItem,ungl
MenuUserBrowse,,com.blueseer.utl.ReportPanel,JMenuItem,usrb
MenuUserMaint,,com.blueseer.adm.UserMaintPanel,JMenuItem,usrm
MenuWorkCellBrowse,,com.blueseer.utl.ReportPanel,JMenuItem,wkcm
MenuWorkCellMaint,,com.blueseer.inv.WorkCenterMaintPanel,JMenuItem,wkcb
Order,,,JMenu,
POMaintMenu,,com.blueseer.pur.POMaintPanel,JMenuItem,purm
PlantDirectoryMenu,,com.blueseer.utl.ReportPanel,JMenuItem,
Purchasing,,,JMenu,
Quality,,,JMenu,
ReceiverMaintMenu,,com.blueseer.rcv.RecvMaintPanel,JMenuItem,recm
ReqAmtByDeptChart,,com.blueseer.utl.ChartView,JMenuItem,
ReqPendingApproval,,com.blueseer.utl.ReportPanel,JMenuItem,
ScrapChartDolByCode,,com.blueseer.utl.ChartView,JMenuItem,
ScrapChartDolByDept,,com.blueseer.utl.ChartView,JMenuItem,
ScrapChartDolByPart,,com.blueseer.utl.ChartView,JMenuItem,
ScrapChartQtyByCode,,com.blueseer.utl.ChartView,JMenuItem,
ScrapChartQtyByDept,,com.blueseer.utl.ChartView,JMenuItem,
ScrapChartQtyByPart,,com.blueseer.utl.ChartView,JMenuItem,
Shipping,,Shipping,JMenu,
TimeClockAdjust,,com.blueseer.tca.ClockUpdatePanel,JMenuItem,
TimeClockEntry,,com.blueseer.tca.ClockPanel,JMenuItem,
TrainingMstr,,com.blueseer.hrm.TrainingMaster,JMenuItem,
UserPermsMaint,,com.blueseer.adm.UserPermsMaint,JMenuItem,
VendXrefMaint,,com.blueseer.vdr.VendXrefMaintPanel,JMenuItem,
VendXrefRpt1,,com.blueseer.vdr.VendXrefRpt1,JMenuItem,
VouchMaintPanel,,com.blueseer.fap.VouchMaintPanel,JMenuItem,
VoucherBrowse,,com.blueseer.fap.VoucherBrowse,JMenuItem,
WhereUsedUtility,,com.blueseer.inv.WhereUsedUtility,JMenuItem,
MenuCustReport1,,com.blueseer.utl.ReportPanel,JMenuItem,
MenuMaint,,com.blueseer.adm.MenuMaintPanel,JMenuItem,
PanelMaint,,com.blueseer.adm.PanelMaintPanel,JMenuItem,
MenuBrowse,menu for browsing menu list,com.blueseer.utl.ReportPanel,JMenuItem,
NavCodeBrowse,menu for browsing navcodes,com.blueseer.utl.ReportPanel,JMenuItem,navcodes
PanelBrowse,used for browsing java jpanels,com.blueseer.utl.ReportPanel,JMenuItem,
TermsBrowse,Terms Browse,com.blueseer.utl.ReportPanel,JMenuItem,
FreightBrowse,Browse Freight Records,com.blueseer.utl.ReportPanel,JMenuItem,
CarrierBrowse,Carrier Browse,com.blueseer.utl.ReportPanel,JMenuItem,
ARPaymentMaint,,com.blueseer.far.ARPaymentMaint,JMenuItem,
MenuBankMaint,,com.blueseer.fgl.BankMaintPanel,JMenuItem,
ShipperInvoiceBrowse,Shipper and Invoice Browse,com.blueseer.shp.ShipperBrowsePanel,JMenuItem,shpb
EDITPMstrBrowse,,com.blueseer.utl.ReportPanel,JMenuItem,
MenuAddrLabel,,com.blueseer.lbl.LabelAddrPanel,JMenuItem,
CustPriceReport,Customer Price Report,com.blueseer.ctr.CustPriceRpt1,JMenuItem,
noStdCostBrowse,,com.blueseer.utl.ReportPanel,JMenuItem,
MenuBankBrowse,Browse Bank Menu,com.blueseer.utl.ReportPanel,JMenuItem,
MenuCalendarBrowse,Calendar browse,com.blueseer.utl.ReportPanel,JMenuItem,
MenuSiteBrowse,Site Browse,com.blueseer.utl.ReportPanel,JMenuItem,
PlanMiscMaint,,com.blueseer.prd.PlanMiscMaint,JMenuItem,
ForecastMaint,,com.blueseer.sch.ForecastMaintPanel,JMenuItem,
forecast13weeks,,com.blueseer.sch.ForecastBrowsePanel,JMenuItem,
ForecastBrowse,,com.blueseer.utl.ReportPanel,JMenuItem,
PrinterMaint,,com.blueseer.adm.PrinterMaintPanel,JMenuItem,
PrinterBrowse,,com.blueseer.utl.ReportPanel,JMenuItem,
LabelsContGeneric,,com.blueseer.lbl.LabelContPanel,JMenuItem,
LabelBrowse,,com.blueseer.lbl.LabelBrowsePanel,JMenuItem,
TransBrowse,,com.blueseer.prd.TransBrowsePanel,JMenuItem,
CustEDIMaint,,com.blueseer.ctr.CustEDIMaint,JMenuItem,
CustEDIBrowse,,com.blueseer.utl.ReportPanel,JMenuItem,
EDIControl,,com.blueseer.edi.EDIControlPanel,JMenuItem,edic
ARAgingView,,com.blueseer.far.ARAgingView,JMenuItem,arav
APAgingView,,com.blueseer.fap.APAgingView,JMenuItem,apav
GLControl,,com.blueseer.fgl.GLControlPanel,JMenuItem,
ScrapPerWeek,,com.blueseer.utl.ChartView,JMenuItem,
ARMemoMaint,,com.blueseer.far.ARMemoMaint,JMenuItem,
OrdLineBrowse,,com.blueseer.ord.OrderReport2,JMenuItem,
EDITPMaint,,com.blueseer.edi.EDITPMaintPanel,JMenuItem,
EDITPDocMaint,,com.blueseer.edi.EDITPDocMaintPanel,JMenuItem,
FcstToPlan,,com.blueseer.sch.FcstToPlanPanel,JMenuItem,
ProdEntryByPlan,,com.blueseer.prd.ProdEntryByPlanPanel,JMenuItem,
LabelFileMaint,,com.blueseer.lbl.LabelMstrPanel,JMenuItem,lblm
LabelFileBrowse,,com.blueseer.utl.ReportPanel,JMenuItem,lblb
ARTranRpt1,,com.blueseer.far.ARTranRpt1,JMenuItem,
GLTranRpt1,,com.blueseer.fgl.GLTranRpt1,JMenuItem,
IncomeStatement1,,com.blueseer.fgl.IncomeStatementRpt1,JMenuItem,inst
GLIncStmtDef,,com.blueseer.fgl.GLIncStmtDef,JMenuItem,insd
IncomeStatementYear,,com.blueseer.fgl.IncomeStatementRptYear,JMenuItem,insty
ProdSchedRpt1,,com.blueseer.prd.ProdSchedRpt1,JMenuItem,
ShiftMaintenance,,com.blueseer.hrm.ShiftMaintenance,JMenuItem,
ShiftBrowse,,com.blueseer.utl.ReportPanel,JMenuItem,
ClockAutoMaint,,com.blueseer.tca.ClockAutoMaint,JMenuItem,
ClockCodeMaint,,com.blueseer.tca.ClockCodeMaint,JMenuItem,
ClockCodeBrowse,,com.blueseer.utl.ReportPanel,JMenuItem,
ClockApprovalMaint,,com.blueseer.tca.ClockApprovalMaint,JMenuItem,
ClockChartByDept,,com.blueseer.utl.ChartView,JMenuItem,
ClockChartByCode,,com.blueseer.utl.ChartView,JMenuItem,
ClockChartByEmp,,com.blueseer.utl.ChartView,JMenuItem,
ClockChartByWeek,,com.blueseer.utl.ChartView,JMenuItem,
ClockCode66Browse,,com.blueseer.utl.ReportPanel,JMenuItem,
OEEEntry,,com.blueseer.prd.OEEEntry,JMenuItem,
DemdToPlan,,com.blueseer.sch.DemdToPlanPanel,JMenuItem,
ProdRptDet,,com.blueseer.prd.ProdRptDetPanel,JMenuItem,
ProdByWeekFGUnits,,com.blueseer.utl.ChartView,JMenuItem,
ProdByWeekFGDollars,,com.blueseer.utl.ChartView,JMenuItem,
DiscreteOrderPerWeekUnits,,com.blueseer.utl.ChartView,JMenuItem,
DiscreteOrderPerWeekDollars,,com.blueseer.utl.ChartView,JMenuItem,
ARPaymentBrowse,,com.blueseer.utl.ReportPanel,JMenuItem,
VendMstrBrowse,,com.blueseer.vdr.VendMstrBrowse,JMenuItem,venb
VendMstrMaint,,com.blueseer.vdr.VendMaintPanel,JMenuItem,venm
ShipPerWeekDollarsChart,,com.blueseer.utl.ChartView,JMenuItem,
ShipUnconfirm,,com.blueseer.shp.ShipUnConfirmPanel,JMenuItem,
ClockControl,,com.blueseer.tca.ClockControl,JMenuItem,
ShipperControl,,com.blueseer.shp.ShipperControl,JMenuItem,
ARControl,,com.blueseer.far.ARControl,JMenuItem,
APControl,,com.blueseer.fap.APControl,JMenuItem,
SystemControl,,com.blueseer.adm.SystemControl,JMenuItem,
POBrowse,,com.blueseer.pur.POBrowse,JMenuItem,purb
RecvBrowse,,com.blueseer.rcv.RecvBrowse,JMenuItem,recb
RecvByPOBrowse,,com.blueseer.rcv.RecvByPOBrowse,JMenuItem,
VendPriceMstr,,com.blueseer.vdr.VendPriceMstr,JMenuItem,vprm
VendPriceRpt1,,com.blueseer.vdr.VendPriceRpt1,JMenuItem,vprb
ProdEntryMaint,,com.blueseer.prd.ProdEntryMaint,JMenuItem,
piechart_salesbycust,,com.blueseer.utl.ChartView,JMenuItem,
piechart_custAR,,com.blueseer.utl.ChartView,JMenuItem,
ExpenseMaint,,com.blueseer.fgl.ExpenseMaint,JMenuItem,expm
CashTran,,com.blueseer.fgl.CashTran,JMenuItem,cash
CashTranBrowse,,com.blueseer.fgl.CashTranBrowse,JMenuItem,cashb
menuscreen,,com.blueseer.adm.BackGroundPanel,JMenuItem,
MenuTreeMaint,,com.blueseer.adm.MenuTreeMaint,JMenuItem,
Help,,,JMenu,
Custom,,,JMenu,
POSMaint,,com.blueseer.ctr.POSMaint,JMenuItem,
POSControlMaint,,com.blueseer.ctr.POSControlMaint,JMenuItem,
POSBrowse,,com.blueseer.ctr.POSBrowse,JMenuItem,
ReqControl,,com.blueseer.pur.ReqControl,JMenuItem,
CustomerMenu,,,JMenu,
CustomerReports,,,JMenu,
VendorMenu,,,JMenu,
EDIMenu,,,JMenu,
LabelMenu,,,JMenu,
RequisitionMenu,,,JMenu,
ReqChartsMenu,,,JMenu,
ShipReports,,,JMenu,
OrderReports,,,JMenu,
ScrapReports,,,JMenu,
LedgerSetupMenu,,,JMenu,
LedgerReportsMenu,,,JMenu,
ARMenu,,,JMenu,
APMenu,,,JMenu,
ItemMenu,,,JMenu,
CostReports,,,JMenu,
RoutingMenu,,,JMenu,
BOMMenu,,,JMenu,
ProductionMenu,,,JMenu,
ProductionReports,,,JMenu,
ScrapMenu,,,JMenu,
InvAdjustmentsMenu,,,JMenu,
InventoryReportsMenu,,,JMenu,
ScheduleMenu,,,JMenu,
MRPMenu,,,JMenu,
HRTrainingMenu,,,JMenu,
TimeClockMenu,,,JMenu,
TCAdminMenu,,,JMenu,
TCReportsMenu,,,JMenu,
POSMenu,,,JMenu,
DOMenu,,,JMenu,
TransportationMenu,,,JMenu,
CashTransactionMenu,,,JMenu,
ShipperBrowseDet,,com.blueseer.shp.ShipperDetBrowsePanel,JMenuItem,
FTPMaint,,com.blueseer.adm.FTPMaint,JMenuItem,
ECNMaint,,com.blueseer.eng.ECNMaint,JMenuItem,
ECNBrowse,,com.blueseer.eng.ECNBrowse,JMenuItem,
TaskMaint,,com.blueseer.eng.TaskMaint,JMenuItem,
TaskBrowse,,com.blueseer.eng.TaskBrowse,JMenuItem,
TaxMaint,,com.blueseer.fgl.TaxMaint,JMenuItem,
TaxBrowse,,com.blueseer.utl.ReportPanel,JMenuItem,
InventoryCtrl,,com.blueseer.inv.InventoryCtrl,JMenuItem,
MassLoad,,com.blueseer.utl.MassLoad,JMenuItem,load
